-- phpMyAdmin SQL Dump
-- version 4.9.5deb2
-- https://www.phpmyadmin.net/
--
-- Máy chủ: localhost:3306
-- Thời gian đã tạo: Th2 02, 2023 lúc 12:52 AM
-- Phiên bản máy phục vụ: 10.3.37-MariaDB-0ubuntu0.20.04.1
-- Phiên bản PHP: 7.4.33

SET SQL_MODE = "NO_AUTO_VALUE_ON_ZERO";
SET AUTOCOMMIT = 0;
START TRANSACTION;
SET time_zone = "+00:00";


/*!40101 SET @OLD_CHARACTER_SET_CLIENT=@@CHARACTER_SET_CLIENT */;
/*!40101 SET @OLD_CHARACTER_SET_RESULTS=@@CHARACTER_SET_RESULTS */;
/*!40101 SET @OLD_COLLATION_CONNECTION=@@COLLATION_CONNECTION */;
/*!40101 SET NAMES utf8mb4 */;

--
-- Cơ sở dữ liệu: `qlthuvien`
--

-- --------------------------------------------------------

--
-- Cấu trúc bảng cho bảng `authers`
--

CREATE TABLE `authers` (
  `id` bigint(20) UNSIGNED NOT NULL,
  `name` varchar(255) NOT NULL,
  `created_at` timestamp NULL DEFAULT NULL,
  `updated_at` timestamp NULL DEFAULT NULL
) ENGINE=InnoDB DEFAULT CHARSET=utf8mb4 COLLATE=utf8mb4_unicode_ci;

--
-- Đang đổ dữ liệu cho bảng `authers`
--

INSERT INTO `authers` (`id`, `name`, `created_at`, `updated_at`) VALUES
(12, 'Nguyễn Xuân A', '2023-02-01 09:50:47', '2023-02-01 09:50:47'),
(13, 'Nguyễn Xuân B', '2023-02-01 09:50:57', '2023-02-01 09:50:57');

-- --------------------------------------------------------

--
-- Cấu trúc bảng cho bảng `books`
--

CREATE TABLE `books` (
  `id` bigint(20) UNSIGNED NOT NULL,
  `name` varchar(255) NOT NULL,
  `category_id` bigint(20) UNSIGNED NOT NULL,
  `auther_id` bigint(20) UNSIGNED DEFAULT NULL,
  `publisher_id` bigint(20) UNSIGNED DEFAULT NULL,
  `status` varchar(255) NOT NULL DEFAULT 'Y',
  `created_at` timestamp NULL DEFAULT NULL,
  `updated_at` timestamp NULL DEFAULT NULL
) ENGINE=InnoDB DEFAULT CHARSET=utf8mb4 COLLATE=utf8mb4_unicode_ci;

--
-- Đang đổ dữ liệu cho bảng `books`
--

INSERT INTO `books` (`id`, `name`, `category_id`, `auther_id`, `publisher_id`, `status`, `created_at`, `updated_at`) VALUES
(12, 'Giáo trình phân tích', 15, 12, 12, 'Y', '2023-02-01 09:51:47', '2023-02-01 10:05:16'),
(13, 'Tây du ký', 14, 13, 13, 'N', '2023-02-01 09:54:55', '2023-02-01 10:07:33'),
(14, 'Thuyết âm', 13, 13, 14, 'Y', '2023-02-01 09:55:20', '2023-02-01 09:55:20'),
(15, 'Nghiên cứu thiết kế hệ thống mạng', 12, 13, 15, 'N', '2023-02-01 09:57:29', '2023-02-01 10:08:06');

-- --------------------------------------------------------

--
-- Cấu trúc bảng cho bảng `book_issues`
--

CREATE TABLE `book_issues` (
  `id` bigint(20) UNSIGNED NOT NULL,
  `student_id` bigint(20) UNSIGNED NOT NULL,
  `book_id` bigint(20) UNSIGNED NOT NULL,
  `issue_date` timestamp NOT NULL DEFAULT current_timestamp() ON UPDATE current_timestamp(),
  `return_date` timestamp NULL DEFAULT NULL,
  `issue_status` varchar(255) DEFAULT NULL,
  `return_day` timestamp NULL DEFAULT NULL,
  `created_at` timestamp NULL DEFAULT NULL,
  `updated_at` timestamp NULL DEFAULT NULL
) ENGINE=InnoDB DEFAULT CHARSET=utf8mb4 COLLATE=utf8mb4_unicode_ci;

--
-- Đang đổ dữ liệu cho bảng `book_issues`
--

INSERT INTO `book_issues` (`id`, `student_id`, `book_id`, `issue_date`, `return_date`, `issue_status`, `return_day`, `created_at`, `updated_at`) VALUES
(4, 22, 12, '2023-02-01 17:05:16', '2023-02-20 17:00:00', 'Y', '2023-02-01 10:05:16', '2023-02-01 10:03:25', '2023-02-01 10:05:16'),
(5, 24, 13, '2023-01-31 17:00:00', '2023-02-20 17:00:00', 'N', NULL, '2023-02-01 10:07:33', '2023-02-01 10:07:33'),
(6, 23, 15, '2023-01-31 17:00:00', '2023-02-20 17:00:00', 'N', NULL, '2023-02-01 10:08:06', '2023-02-01 10:08:06');

-- --------------------------------------------------------

--
-- Cấu trúc bảng cho bảng `categories`
--

CREATE TABLE `categories` (
  `id` bigint(20) UNSIGNED NOT NULL,
  `name` varchar(255) NOT NULL,
  `created_at` timestamp NULL DEFAULT NULL,
  `updated_at` timestamp NULL DEFAULT NULL
) ENGINE=InnoDB DEFAULT CHARSET=utf8mb4 COLLATE=utf8mb4_unicode_ci;

--
-- Đang đổ dữ liệu cho bảng `categories`
--

INSERT INTO `categories` (`id`, `name`, `created_at`, `updated_at`) VALUES
(12, 'Luận văn', '2023-02-01 09:48:13', '2023-02-01 09:48:13'),
(13, 'Tiểu thuyết', '2023-02-01 09:48:30', '2023-02-01 09:48:30'),
(14, 'Truyện', '2023-02-01 09:48:42', '2023-02-01 09:48:42'),
(15, 'Giáo trình', '2023-02-01 09:48:56', '2023-02-01 09:48:56');

-- --------------------------------------------------------

--
-- Cấu trúc bảng cho bảng `failed_jobs`
--

CREATE TABLE `failed_jobs` (
  `id` bigint(20) UNSIGNED NOT NULL,
  `uuid` varchar(255) NOT NULL,
  `connection` text NOT NULL,
  `queue` text NOT NULL,
  `payload` longtext NOT NULL,
  `exception` longtext NOT NULL,
  `failed_at` timestamp NOT NULL DEFAULT current_timestamp()
) ENGINE=InnoDB DEFAULT CHARSET=utf8mb4 COLLATE=utf8mb4_unicode_ci;

-- --------------------------------------------------------

--
-- Cấu trúc bảng cho bảng `migrations`
--

CREATE TABLE `migrations` (
  `id` int(10) UNSIGNED NOT NULL,
  `migration` varchar(255) NOT NULL,
  `batch` int(11) NOT NULL
) ENGINE=InnoDB DEFAULT CHARSET=utf8mb4 COLLATE=utf8mb4_unicode_ci;

--
-- Đang đổ dữ liệu cho bảng `migrations`
--

INSERT INTO `migrations` (`id`, `migration`, `batch`) VALUES
(1, '2014_10_12_000000_create_users_table', 1),
(2, '2014_10_12_100000_create_password_resets_table', 1),
(3, '2019_08_19_000000_create_failed_jobs_table', 1),
(4, '2019_12_14_000001_create_personal_access_tokens_table', 1),
(5, '2021_12_28_031441_create_settings_table', 1),
(6, '2021_12_28_032107_create_students_table', 1),
(7, '2021_12_28_032307_create_publishers_table', 1),
(8, '2021_12_28_032327_create_categories_table', 1),
(9, '2021_12_28_032552_create_authers_table', 1),
(10, '2021_12_28_032555_create_books_table', 1),
(11, '2021_12_28_032649_create_book_issues_table', 1);

-- --------------------------------------------------------

--
-- Cấu trúc bảng cho bảng `password_resets`
--

CREATE TABLE `password_resets` (
  `email` varchar(255) NOT NULL,
  `token` varchar(255) NOT NULL,
  `created_at` timestamp NULL DEFAULT NULL
) ENGINE=InnoDB DEFAULT CHARSET=utf8mb4 COLLATE=utf8mb4_unicode_ci;

-- --------------------------------------------------------

--
-- Cấu trúc bảng cho bảng `personal_access_tokens`
--

CREATE TABLE `personal_access_tokens` (
  `id` bigint(20) UNSIGNED NOT NULL,
  `tokenable_type` varchar(255) NOT NULL,
  `tokenable_id` bigint(20) UNSIGNED NOT NULL,
  `name` varchar(255) NOT NULL,
  `token` varchar(64) NOT NULL,
  `abilities` text DEFAULT NULL,
  `last_used_at` timestamp NULL DEFAULT NULL,
  `created_at` timestamp NULL DEFAULT NULL,
  `updated_at` timestamp NULL DEFAULT NULL
) ENGINE=InnoDB DEFAULT CHARSET=utf8mb4 COLLATE=utf8mb4_unicode_ci;

-- --------------------------------------------------------

--
-- Cấu trúc bảng cho bảng `publishers`
--

CREATE TABLE `publishers` (
  `id` bigint(20) UNSIGNED NOT NULL,
  `name` varchar(255) NOT NULL,
  `created_at` timestamp NULL DEFAULT NULL,
  `updated_at` timestamp NULL DEFAULT NULL
) ENGINE=InnoDB DEFAULT CHARSET=utf8mb4 COLLATE=utf8mb4_unicode_ci;

--
-- Đang đổ dữ liệu cho bảng `publishers`
--

INSERT INTO `publishers` (`id`, `name`, `created_at`, `updated_at`) VALUES
(12, 'Nguyễn Văn A', '2023-02-01 09:49:27', '2023-02-01 09:49:27'),
(13, 'Nguyễn Văn B', '2023-02-01 09:49:35', '2023-02-01 09:49:35'),
(14, 'Nguyễn Văn C', '2023-02-01 09:49:52', '2023-02-01 09:49:52'),
(15, 'Nguyễn Văn D', '2023-02-01 09:50:19', '2023-02-01 09:50:19');

-- --------------------------------------------------------

--
-- Cấu trúc bảng cho bảng `settings`
--

CREATE TABLE `settings` (
  `id` bigint(20) UNSIGNED NOT NULL,
  `return_days` varchar(255) NOT NULL,
  `fine` varchar(255) NOT NULL,
  `created_at` timestamp NULL DEFAULT NULL,
  `updated_at` timestamp NULL DEFAULT NULL
) ENGINE=InnoDB DEFAULT CHARSET=utf8mb4 COLLATE=utf8mb4_unicode_ci;

--
-- Đang đổ dữ liệu cho bảng `settings`
--

INSERT INTO `settings` (`id`, `return_days`, `fine`, `created_at`, `updated_at`) VALUES
(1, '20', '5', '2022-12-21 22:04:33', '2022-12-21 22:04:33');

-- --------------------------------------------------------

--
-- Cấu trúc bảng cho bảng `students`
--

CREATE TABLE `students` (
  `id` bigint(20) UNSIGNED NOT NULL,
  `name` varchar(255) NOT NULL,
  `age` varchar(255) NOT NULL,
  `gender` varchar(255) NOT NULL,
  `email` varchar(255) NOT NULL,
  `phone` varchar(255) NOT NULL,
  `address` varchar(255) NOT NULL,
  `class` varchar(255) NOT NULL,
  `created_at` timestamp NULL DEFAULT NULL,
  `updated_at` timestamp NULL DEFAULT NULL
) ENGINE=InnoDB DEFAULT CHARSET=utf8mb4 COLLATE=utf8mb4_unicode_ci;

--
-- Đang đổ dữ liệu cho bảng `students`
--

INSERT INTO `students` (`id`, `name`, `age`, `gender`, `email`, `phone`, `address`, `class`, `created_at`, `updated_at`) VALUES
(22, 'Nguyễn Xuân Tài', '23', 'male', 't@gmail.com', '392392020', 'Nghệ An', '59k3-cntt', '2023-02-01 09:58:30', '2023-02-01 09:58:30'),
(23, 'Ngô Quốc Việt', '23', 'male', 'V@gmail.com', '2424234', 'Nghệ An', '59k', '2023-02-01 10:00:16', '2023-02-01 10:00:16'),
(24, 'Phạm Thi Thu Trà', '23', 'female', 'Tr@gmail.com', '2424324', 'Nghệ An', '59k3', '2023-02-01 10:02:33', '2023-02-01 10:02:33');

-- --------------------------------------------------------

--
-- Cấu trúc bảng cho bảng `users`
--

CREATE TABLE `users` (
  `id` bigint(20) UNSIGNED NOT NULL,
  `name` varchar(255) NOT NULL,
  `username` varchar(255) NOT NULL,
  `password` varchar(255) NOT NULL,
  `created_at` timestamp NULL DEFAULT NULL,
  `updated_at` timestamp NULL DEFAULT NULL
) ENGINE=InnoDB DEFAULT CHARSET=utf8mb4 COLLATE=utf8mb4_unicode_ci;

--
-- Đang đổ dữ liệu cho bảng `users`
--

INSERT INTO `users` (`id`, `name`, `username`, `password`, `created_at`, `updated_at`) VALUES
(1, 'tai', 'tai', '$2y$10$92IXUNpkjO0rOQ5byMi.Ye4oKoEa3Ro9llC/.og/at2.uheWG/igi', '2022-12-21 22:04:31', '2022-12-21 22:04:31');

--
-- Chỉ mục cho các bảng đã đổ
--

--
-- Chỉ mục cho bảng `authers`
--
ALTER TABLE `authers`
  ADD PRIMARY KEY (`id`);

--
-- Chỉ mục cho bảng `books`
--
ALTER TABLE `books`
  ADD PRIMARY KEY (`id`),
  ADD KEY `books_category_id_foreign` (`category_id`),
  ADD KEY `books_auther_id_foreign` (`auther_id`),
  ADD KEY `books_publisher_id_foreign` (`publisher_id`);

--
-- Chỉ mục cho bảng `book_issues`
--
ALTER TABLE `book_issues`
  ADD PRIMARY KEY (`id`),
  ADD KEY `book_issues_student_id_foreign` (`student_id`),
  ADD KEY `book_issues_book_id_foreign` (`book_id`);

--
-- Chỉ mục cho bảng `categories`
--
ALTER TABLE `categories`
  ADD PRIMARY KEY (`id`);

--
-- Chỉ mục cho bảng `failed_jobs`
--
ALTER TABLE `failed_jobs`
  ADD PRIMARY KEY (`id`),
  ADD UNIQUE KEY `failed_jobs_uuid_unique` (`uuid`);

--
-- Chỉ mục cho bảng `migrations`
--
ALTER TABLE `migrations`
  ADD PRIMARY KEY (`id`);

--
-- Chỉ mục cho bảng `password_resets`
--
ALTER TABLE `password_resets`
  ADD KEY `password_resets_email_index` (`email`);

--
-- Chỉ mục cho bảng `personal_access_tokens`
--
ALTER TABLE `personal_access_tokens`
  ADD PRIMARY KEY (`id`),
  ADD UNIQUE KEY `personal_access_tokens_token_unique` (`token`),
  ADD KEY `personal_access_tokens_tokenable_type_tokenable_id_index` (`tokenable_type`,`tokenable_id`);

--
-- Chỉ mục cho bảng `publishers`
--
ALTER TABLE `publishers`
  ADD PRIMARY KEY (`id`);

--
-- Chỉ mục cho bảng `settings`
--
ALTER TABLE `settings`
  ADD PRIMARY KEY (`id`);

--
-- Chỉ mục cho bảng `students`
--
ALTER TABLE `students`
  ADD PRIMARY KEY (`id`);

--
-- Chỉ mục cho bảng `users`
--
ALTER TABLE `users`
  ADD PRIMARY KEY (`id`);

--
-- AUTO_INCREMENT cho các bảng đã đổ
--

--
-- AUTO_INCREMENT cho bảng `authers`
--
ALTER TABLE `authers`
  MODIFY `id` bigint(20) UNSIGNED NOT NULL AUTO_INCREMENT, AUTO_INCREMENT=14;

--
-- AUTO_INCREMENT cho bảng `books`
--
ALTER TABLE `books`
  MODIFY `id` bigint(20) UNSIGNED NOT NULL AUTO_INCREMENT, AUTO_INCREMENT=16;

--
-- AUTO_INCREMENT cho bảng `book_issues`
--
ALTER TABLE `book_issues`
  MODIFY `id` bigint(20) UNSIGNED NOT NULL AUTO_INCREMENT, AUTO_INCREMENT=7;

--
-- AUTO_INCREMENT cho bảng `categories`
--
ALTER TABLE `categories`
  MODIFY `id` bigint(20) UNSIGNED NOT NULL AUTO_INCREMENT, AUTO_INCREMENT=16;

--
-- AUTO_INCREMENT cho bảng `failed_jobs`
--
ALTER TABLE `failed_jobs`
  MODIFY `id` bigint(20) UNSIGNED NOT NULL AUTO_INCREMENT;

--
-- AUTO_INCREMENT cho bảng `migrations`
--
ALTER TABLE `migrations`
  MODIFY `id` int(10) UNSIGNED NOT NULL AUTO_INCREMENT, AUTO_INCREMENT=12;

--
-- AUTO_INCREMENT cho bảng `personal_access_tokens`
--
ALTER TABLE `personal_access_tokens`
  MODIFY `id` bigint(20) UNSIGNED NOT NULL AUTO_INCREMENT;

--
-- AUTO_INCREMENT cho bảng `publishers`
--
ALTER TABLE `publishers`
  MODIFY `id` bigint(20) UNSIGNED NOT NULL AUTO_INCREMENT, AUTO_INCREMENT=16;

--
-- AUTO_INCREMENT cho bảng `settings`
--
ALTER TABLE `settings`
  MODIFY `id` bigint(20) UNSIGNED NOT NULL AUTO_INCREMENT, AUTO_INCREMENT=2;

--
-- AUTO_INCREMENT cho bảng `students`
--
ALTER TABLE `students`
  MODIFY `id` bigint(20) UNSIGNED NOT NULL AUTO_INCREMENT, AUTO_INCREMENT=25;

--
-- AUTO_INCREMENT cho bảng `users`
--
ALTER TABLE `users`
  MODIFY `id` bigint(20) UNSIGNED NOT NULL AUTO_INCREMENT, AUTO_INCREMENT=2;

--
-- Các ràng buộc cho các bảng đã đổ
--

--
-- Các ràng buộc cho bảng `books`
--
ALTER TABLE `books`
  ADD CONSTRAINT `books_auther_id_foreign` FOREIGN KEY (`auther_id`) REFERENCES `authers` (`id`) ON DELETE CASCADE,
  ADD CONSTRAINT `books_category_id_foreign` FOREIGN KEY (`category_id`) REFERENCES `categories` (`id`),
  ADD CONSTRAINT `books_publisher_id_foreign` FOREIGN KEY (`publisher_id`) REFERENCES `publishers` (`id`) ON DELETE CASCADE;

--
-- Các ràng buộc cho bảng `book_issues`
--
ALTER TABLE `book_issues`
  ADD CONSTRAINT `book_issues_book_id_foreign` FOREIGN KEY (`book_id`) REFERENCES `books` (`id`),
  ADD CONSTRAINT `book_issues_student_id_foreign` FOREIGN KEY (`student_id`) REFERENCES `students` (`id`) ON DELETE CASCADE;
COMMIT;

/*!40101 SET CHARACTER_SET_CLIENT=@OLD_CHARACTER_SET_CLIENT */;
/*!40101 SET CHARACTER_SET_RESULTS=@OLD_CHARACTER_SET_RESULTS */;
/*!40101 SET COLLATION_CONNECTION=@OLD_COLLATION_CONNECTION */;
